Вопрос,Схема ответа,метка
Как зарегистрироваться в ЛК?,"1. Для регистрации в личном кабинете перейдите по адресу: https://greendata.store/ru и нажмите по любой из кнопок : “Попробовать”, “Попробовать бесплатно”, “Войти” 
2.  Нажмите по ссылке «Регистрация». 
3. Заполните данные и нажмите по кнопке «Регистрация». После этого на указанную вами почту придет письмо для завершения регистрации. 
",2
Зачем указывать страну? |Зачем выбрирать язык? |Поменять язык |Как поменять язык ЛК?,"Кнопка с флагом в правом верхнем углу нужна для выбора языка. В настоящее время сайт доступен на русском, английском и французском языках.",2
Не приходит подтверждение на почту,"I. Если Вам не приходит письмо для подтверждения регистрации, выполните следующие действия: 
1. Убедитесь, что указан правильный почтовый адрес; 
2. Проверьте папку спам; 
3. Проверьте, не установлены ли фильтры, настроенные на удаление входящих писем; 
4. Проверьте, достаточно ли свободного места в почтовом ящике. Можно попробовать удалить несколько писем в своем почтовом ящике и нажать по ссылке для повторной отправки письма.

",2
Нет почты/забыл почту. Есть ли другой канал для регистрации?,В настоящее время доступна регистрация только по электронной почте.,2
Почему у меня все отображается не на том языке?,"Выбор языка зависит от настроек браузера. 
Chrome: Настройки — Дополнительные — Языки. Выбрать нужный в пункте Язык. 
Firefox: Настройки — Язык и внешний вид — Язык — Выбрать язык предпочитаемый для отображения страниц. Страницы приложения и личного кабинета по умолчанию будут отображаться на языке, который указан первым в списке. Кнопками Вверх и Вниз переместите нужный вам язык на первое место в списке. 
Edge: Настройки — Языки.Страницы приложения и личного кабинета по умолчанию будут отображаться на языке, который указан первым в списке. Нажмите по трем точкам справа от языка, чтобы выбрать другой,
Также язык в личном кабинете можно поменять с помощью кнопки верхней панели с флагом странны выбранного языка",2
 Как включить подсказки? | Как просмотреть подсказки| Хочу снова посмотреть подсказки ,"1. В правом верхнем углу нажмите на пункт «Подсказки»
2. Выберите раздел, по которому у вас возникли вопросы",2
Как отключить подсказки?,В окне подсказки нажмите по кнопке «Пропустить обзор»,2
Что такое проект? | Зачем создавать проект? | Зачем нужен проект?,"Проекты служат для группировки приложений. Например, в рамках бесплатного тарифа один проект может содержать одно приложение, но при этом можно создать до трех проектов. Для добавления проекта необходимо нажать на плюс рядом с именем пользователя в боковой панели",2
Как создать новый проект?,Для добавления проекта необходимо нажать на плюс рядом с именем пользователя в боковой панели личного кабинета,2
Можно ли создать несколько проектов?,"Да, можно. Количество проектов зависит от выбранного тарифа",2
Зачем создавать приложение? | Что такое приложение?,"Создать хотя бы одно приложение в проекте необходимо для начала работы с платформой. Приложение — это стенд, для настройки бизнес-логики.",2
Как создать новое приложение?,"Для создания приложения следует нажать на плюс рядом с наименованием проекта. Чтобы открыть приложение для работы со стендом, необходимо нажать на кнопку Перейти. Переход к стенду возможен только при активном статусе приложения, то есть при привязанной лицензии.",2
"Как добавить в мой проект других участников? |Я хочу дать доступ другим людям к моему проекту. Как мне это сделать?
","Для того, чтобы пригласить в свой проект других участников, необходимо сделать следующее:
1. Открыть страницу проекта и перейти на вкладку “Команда проекта”
2. Нажать “Добавить пользователя”
3. Ввести почту того, кого Вы хотите добавить в проект, и указать его роль в проекте. После чего нажать “Отправить приглашение”
4. Приглашенному пользователю придет письмо на почту с предложением вступить в проект, для того, что присоединиться к команде проекта необходимо будет перейти по ссылке в письме. 
5. После принятия приглашения у пользователя появится доступ к приложениям этого проекта, и Вы сможете работать в рамках данного проекта вместе. ",2
Как я могу зайти в среду проектирования и разработки бизнес-приложений GreenData с правами бизнес-администратора? | как начать работу со стендом | как перейти в приложение | как перейти к настройкам в системе,"Для начала работы необходимо зарегистрироваться на сайте greendata.store.
Для создания, редактирования проектов и приложений, а также непосредственно переходу к приложению, необходимо использовать боковую панель в левой части личного кабинета. 
 Чтобы открыть приложение для работы со стендом, необходимо нажать на кнопку Перейти. Переход к стенду возможен только при активном статусе приложения, то есть при привязанной лицензии.",2
Почему я не могу создать еще проект/приложение? | не получается создать еще проект | не получается создать новое приложение | почему больше не могу создавать проект или приложение,"Вероятно вы столкнулись с ограничениями выбранного тарифа.  
Например, для тарифа Community Edition действует ограничение: число проектов 3, по 1 приложению в проекте. 
С другими ограничениями и особенностями тарифов можно ознакомитья по ссылке",2
Как переименовать проект/приложение,"1. Чтобы переименовать проект нажмите по нему в меню слева и перейдите в раздел «Настройки проекта»
2. Наведите мышку на наименование проекта и нажмите «Редактировать»
3. После изменения названия проекта нажмите «ОК»",2
Как остановить приложение? | как сделать приложение неактивным | Как приостановить приложение | можно ли деактивировать приложение ,"1. Перейдите в проект в котором находится приложение на вкладку Управление приложениями
2. Слева в переключателе выберите Остановить приложение, тогда статус приложения измениться с Активно на Приостановлено
Также можно перейти в само приложение через боковвую панель ЛК, внизу в разделе Управление приложениями будет кнопка с зеленым текстом -  Перевести в неактивные, по нажатию приложение будет остановлено",2
Как удалить приложение? | можно ли удалить приложение?,"В личном кабинете выберите приложение, которое хотите удалить, нажмите «Удалить приложение», подтвердите удаление во всплывающем окне",2
Как поменять url адрес приложения? | Как установить доменный адрес ,"1. В личном кабинете зайдите в нужное приложение и нажмите по кнопке «Редактировать» напротив пункта «Внешний адрес»/«Внутренний адрес»
2. В появившейся строке введите адрес и нажмите по кнопке “Ок”
Внимание!
Корректными и допустимыми для настройки внешними адресами, которые можно использовать, являются доменные имена второго уровня или выше, например
При изменении внутреннего адреса часть https://app.greendata.store/ останется неизменной, можно изменять только часть url, которая отражает название приложения
",2
Созданное приложение можно скачать только на Андроид? | скачать мобильную версию | скачать на IOS | Скачать на Android,"Приложение можно скачать и на IOS, и на Android. Приложение можно найти в AppStore по названию GreenData, аналогично можно найти приложение в playmarket.",2
"Я хочу дать доступ к моему проекту тем, кто не хочет/не должен регистрироваться в ЛК Saas | как  добавить конечных пользователей ",Порядок действий по настройке доступа подробно описан в статье на вики.,2
Мне пришло приглашение в какой-то проект. Что это? Что мне делать?,"Это приглашение для работы в команде над проектом. Если Вам известно, какой это проект и от какого пользователя пришло приглашение, то его можно принять.",2
"Что будет, если я приму приглашение в чужой проект?","У Вас появится доступ к приложениям этого проекта, и Вы сможете работать в рамках данного проекта вместе с другими его участниками.",2
Зачем привязываться к юридическому лицу?,"Чтобы работать не как физ.лицо, а как юр.лицо. Заполнить карточку компании, привязать счёт и оплачивать лицензию со счета компании.",2
Как удалить учетную запись? |Как удалить аккаунт?,"Нужно отправить запрос на удаление учетной записи с адреса почты, на который она зарегистрирована по адресу help@greendatasoft.ru",2
Как поменять аватарку?,На данный момент такая возможность не реализована.,2
"Зачем нужна лицензия? |
Зачем мне лицензия?
","Без привязанной лицензии невозможно начать работу с платформой


",2
Сколько действует бесплатная лицензия?,"Бессрочно, работать могут до 5 пользователей",2
Как продлить лицензию?,"В личном кабинете есть спец. раздел ""Управление лицензиями"".  Для продления лицензии достаточно повторно оплатить лицензию после завершения ее периода действия.",2
Где находится раздел с лицензиями?,В верхней панели личного кабинете в разделе Управление лицензиями,2
Как создать лицензию?,"
 Если вы хотите приобрести платную лицензию: 
1. Выберите проект и перейдите в раздел Управление приложениями 
2. Нажмите кнопку Купить лицензию 
3. В тарифном калькуляторе укажите желаемое количество пользователей и срок лицензии 
4. Нажмите кнопку Купить и произведите оплату 
5. После оплаты к приложению будет прикреплена новая лицензия 
 Аналогичным образом приобрести платные лицензии можно в разделе ""Управление лицензиями""  ",2
"Мне нужно создать лицензию на период/количество пользователей, не доступных в калькуляторе | нужны условия, которых нет в калькуляторе лицензий | лицензия на других условиях | настроить лицензию под потребности",Нужно обратиться в отдел продаж.,2
Как оплатить от лица ЮЛ? | Как выставить счет на ЮЛ?,Нужно перейти в личный профиль и связать свой профиль с ЮЛ (статус профиля будет изменен автоматически). После этого в разделе лицензий при покупке лицензии будет доступна опция выставления счета для оплаты по счету от ЮЛ.,2
Как отменить лицензию?,"В спец. разделе ""Управление лицензиями"" есть соответствующая кнопка",2
Как привязать лицензию к приложению? | добавить лицензию ,"В спец. разделе ""Управление лицензиями"" можно сразу привязать лицензию к нужному приложению, используя соответствующую кнопку. Кнопки отображаются после выделения строки с необходимой лицензией",2
"
Что будет с программой по истечении срока действия лицензии?|Что будет когда закончится лицензия| Что произойдет с приложением когда закончится лицензия|","1. Система будет  выдавать информационное сообщение, что необходимо продлить лицензию (причем,  это сообщение будет выходить как для админа, так и для обычных пользователей)
2. Для Saas решения - приложение будет удалено через месяц, если не будет активности.",2
Как войти в приложение?,"Чтобы перейти в приложение, нужно нажать по кнопке “Перейти в приложение”, при этом статус приложения должен быть активен",2
Я открыл приложение. Что мне делать дальше?,Порядок действий при первичной настройке подробно описан в статье на вики.,2
"Меня ""выбросило"" из приложения и теперь система просит логин и пароль. Как/где мне их получить?","Вариант 1: Нажать на ссылку ""Вход по SSO"", заново залогиниться в личном кабинете и перейти в приложение.
Вариант 2: Можно создать в приложении нового пользователя со своим логином и паролем и входить в систему под этим пользователем. Его учетная запись никак не будет связана с пользователем личного кабинета Sass.",2
Необходимо получить доступ к обучающим видео по платформе.,,2
Есть ли какая то документация по rest api?,"Документацию по api GreenData можно посмотреть так:  авторизоваться в приложении, затем в url перейти по адресу {URL стенда}/swagger-ui.html",2
"Падает ошибка ""Сервер временно недоступен"", что делать?",Необходимо подождать 5-10 минут и обновить страницу.,2
Есть ли ограничения по размеру БД?,Ограничений нет,2
Можно ли сделать дамп БД приложения Saas? |Как  сделать дамп БД приложения Saas? ,"
Снятие дампа с приложения из системы
1.Найти PID приложения-стенда, для этого нужно выполнить команду- htop
2. Найти наше приложение- нажать F3 и ввести имя нашего приложения
2.        Перейти в папку стенда и выполнить команду снятия дампа:
 jmap -dump:format=b,file=<имя файла дампа>.hprof <PID>
где: jmap- команда; PID- номер процесса; dump_01.01.hprof- файл вывода информации

2- jstack -l PID >> thread.dump
где: -jstack -команда; -I -опция; PID -номер процесса;
thread.dump- файл вывода информации
Пример команды: jstack -l 24589 >> testdump.dump

Дамп снят",2
Как я могу использовать дамп приложения из Saas?,"1. Можно развернуть приложение на своих серверах при условии покупки соответствующей лицензии.
2. Можно использовать функцию копирования приложения Saas для создания нового приложения со всеми прикладными настройками первого приложения.",2
Нам нужно рассчитывать хэш-функцию при каждом обновлении ядра системы.Как это сделать?,В 7zip там есть пункт рассчитать контрольную сумму и выбрать метод SHA256. Также это можно сделать через команду GitBash (запускать из папки с нужным файлом): sha256sum имя_файла,2
Как часто приложение обновляется?,"Мы обновляем приложения каждые 2 дня (1 раз в два дня).
Приложения Saas обновляются централизованно в соответствии с графиком выше.
On-premise решения (приложения, раввернутые на собственных серварах партнеров) могут обновляться с частотой, удобной партнеру. Например. 1 раз в неделю. Для этого требуется скачать свежю версию из docker-образа и установить обновление.
В случае, когда требется поэтапная установка аких-то конкретных версий перед последней, мы дополнительно уведомляем партнеров.",2
Как установить docker?,Порядок действий по установке docker подробно описан в статье,2
Как часто приложение обновляется?,"Мы обновляем приложения каждые 2 дня (1 раз в два дня).
Приложения Saas обновляются централизованно в соответствии с графиком выше.
On-premise решения (приложения, раввернутые на собственных серварах партнеров) могут обновляться с частотой, удобной партнеру. Например. 1 раз в неделю. Для этого требуется скачать свежю версию из docker-образа и установить обновление.
В случае, когда требется поэтапная установка аких-то конкретных версий перед последней, мы дополнительно уведомляем партнеров.",2
Как часто мне нужно устанавливать обновления?,"Мы обновляем приложения каждые 2 дня (1 раз в два дня).
Приложения Saas обновляются централизованно в соответствии с графиком выше.
On-premise решения (приложения, равернутые на собственных серверах партнеров) могут обновляться с частотой, удобной партнеру.
Оптимальным/рекомендованным является график 1 раз в неделю. 
Для этого требуется скачать свежю версию из docker-образа и установить обновление.
В случае, когда требется поэтапная установка аких-то конкретных версий перед последней, мы дополнительно уведомляем партнеров.",2
Как поменять время активности сессии приложения (on-premise)?,"В конфиге время сессии пользователя указывается в ноде greendata-core.http.sessionStorage.timeout в app.yml.
Если в конфиге нет такой строчки, ее нужно добавить, и она установится как значение по умолчанию. После внесенных изменений необходимо перезапустить стенд.
Чтобы изменить это время, нужно поменять значение server.session.timeout и перезапустить приложение.",2
Какая операционная система является наиболее предпочтительной для развертывания платформы?,Предпочтительной операционной системой для GreenData является Linux.,2
Нужно ли разворачивать redis на отдельном сервере?,"Установка и настройка redis, балансировщика redis и баланировщика не обязательна (по желанию). ",2
Где взять актуальный образ ПО для развертывания? ,"Актуальный образ ПО для развертывания необходимо брать из докера: http://dockerhub.greendatasoft.ru/
Учетка для докера: @nevostruevr_w",2
Какой дополнительный софт может понадобиться?,"Необходимый дополнительный софт - docker.
Необходимо установаить docker, т.к. поставка обновлений может осуществляться только через него. Это обеспечит быструю передачу обновлений (не нужно будет ждать/отправлять war-файл - как только будет выпущен новый патч, он автоматически появится в докере), т.е. у Вас всегда будет актуальная версия.",2
На wiki сейчас актуальная инструкция по развертыванию?,"Да, актуальная.",2
Есть ли возможность отключить кнопку копировать в шапке объекта? Это какая-то прикладная настройка?,На данный момент кнопку копирования можно скрыть только в реестрах. Идет работа над реализацией возможности скрывать кнопки в карточках объектах,2
"Использует ли приложение  Springboot и если да, то какую версию?",Используется версия Springboot 2.5.2,2
Какие есть возможности по интеграции модуля администрирования пользователей?,"Был опыт загрузки учетных записей пользователей из домена.
В целом, используя наш модуль ETL, можно интегрироваться с любой системой, у которой есть API.",2
"Как средство защиты информации (СЗИ) сертифицировали в каких либо проектах ГринДату или как обеспечивалась работа систем с использованием ГД, если была необходимость аттестации системы по требованиям ГИС и персоналки?","Аттестацию не проходили.
На проектах у нас применяется программная СЗИ
- аутентификация / авторизация пользователей;
- политики контроля доступа до ресурсов / объектов; 
- шифрование информации (пароли, подключения и пр.);
- удаление остаточной (рабочей) информации, например, удаление временных файлов",2
"Как сбросить Кэш на стенде, который в облачном решении? ",Чтобы сбросить кэш в саасе сейчас можно остановить приложение и потом снова его запустить,2
Что такое тип объекта?,"Тип объекта (объект) – это сущность Системы, имеющая определенный набор заданных параметров и свойств (атрибутов), определяющих ее поведение. Все данные в Системе хранятся в виде объектов. Существуют как пользовательские типы объектов, так и системные.",2
Что такое системный объект?,"Системный объект – встроенный тип, используемый платформой; представляет собой определенную настройку поведения Системы.
Системные типы объектов не подлежат отдельной настройке. Предполагается работа с экземплярами типа или создание дочерних объектов.",2
Что такое примитивный объект?,"Примитивный объект – специализированный тип объекта, предназначенный для хранения большого объема данных. Чаще всего используется в реализации интеграции данных.
В Системе реализованы следующие варианты использования объекта:
1. Примитивный объект без суррогатного ключа [ASM_OBJ_WITHOUT_ID] – простейший тип объекта без атрибутов. Для его идентификации необходимо использовать индекс-первичный ключ. Такой индекс содержит один или несколько атрибутов, однозначно идентифицирующих объект.
2. Примитивный объект с суррогатным ключом [ASM_OBJ_WITH_ID] – простейший тип объекта, идентификатором которого является простое число. Таким образом созданные в последствии связи примитивного и другого объекта являются короткими, не избыточными.",2
Как создать объект?,"Для того, чтобы создать объект в системе, необходимо выполнить следующие действия:
1. Перейти в реестр типов объектов
2. Нажать на кнопку “Создать”
3. Далее откроется карточка объекта. Необходимо заполнить поля “Наименование”, “Наименование таблицы” и “Объект-родитель”
4. Нажать на кнопку “Сохранить”
Подробнее процесс создания нового типа опсиан в статье ",2
"Где и как можно посмотреть использование типа объекта в других объектах, алгоритмах?","Чтобы посмотреть связи своих прикладных типов, вы можете написать запрос к БД и затем вывести его в дашборд на интерфейс.
Для того чтобы в формуле алгоритма найти какой-то объект и/или текст, на текущий момент также необходимо обращаться напрямую к БД через запрос. Пример селекта:
SELECT * FROM sys_algorithm where status = 1 and lower(FRML_TEXT) like '%%' ",2
Как наполнить объект атрибутами?,"Внедрить атрибут в состав типа объекта можно следующими способами
1. Создать новый атрибут
1.1. Нажать на кнопку “Добавить новый”, после чего заполнить открывшийся формуляр основного раздела
1.2. Сохранить изменения, нажав на кнопку “Ок
1.3. Сохранить карточку объекта

2. Добавить существующий атрибут
2.1. Нажать на кнопку “Добавить существующий” и выбрать атрибут, который будет служить образцом. Выбор осуществляется либо через тип объекта, либо из полного списка атрибутов
2.2. Сохранить изменения, нажав на кнопку “Ок
2.3. Сохранить карточку объекта

Подробнее в статье ",2
Что такое объектный атрибут и как его создать?,"1.Создать тип объекта.
2. Наполнить его реестр экземплярами, которые будут представлять из себя справочник.
3. Создать еще один тип объекта и добавить в него атрибут, указав в нем тип - “Объект”, “Тип объекта” - созданный ранее справочник.
4. Таким образом, объектный атрибут на визуале будет выглядеть как выпадающий список
",2
Каким образом можно массово изменять значения атрибутов в экземплярах объектов? ,"Непосредственно через апдейт к базе;
Написать скрипт по аналогии с апдейтом, но запустить данный скрипт из алгоритма.
Написать алгоритм - цикл по объектам с заполнением необходимого атрибута необходимым значением с функцией сохранения каждого экземпляра.",2
"Каким образом можно из Excel загрузить данные в справочник (тип объекта)?
","В Системе есть тип объекта: Шаблон загрузки справочника из XLS. Для создания автоматического загрузчика необходимо создать экземпляр данного типа.
 Описание по созданию  и настройке экземпляра можно посмотреть в статье 
",2
Что такое дочерний атрибут и как его создать?,"Создание дочернего атрибута происходит следующим образом:
Предположим, у нас есть тип объекта “Бланк заказа”, в котором указаны его детали, одной из которых являются заказанные товары. 
В данном случае “Товар заказа” будет вспомогательным типом объекта, который поможет указать в бланке заказа количество товаров и их сумму.
Для этого в типе объекта “Товар заказа” необходимо создать объектный атрибут (“Ссылка на родителя”), ссылающийся на “Бланк заказа”.
Для завершения создания связи “один ко многим” необходимо вернуться к типу объекта “Бланк заказа” и добавить дочерний атрибут (“Список товаров”), указав тип объекта - “Товар заказа”, и связь - “Ссылка на родителя”.
Дочерний атрибут на визуале будет выглядеть как вложенная таблица.

Подробнее в статье ",2
Как перенести атрибут из дочернего типа в родительский?,"""Если вам нужно перенести атрибут из дочернего типа в родителя, то можно  это сделать таким образом:

1. Взять тестовый тип вне иерархии;

2. Перенести в него """"как существующий"""" атрибут из дочернего типа;
3. Удалить атрибут в дочернем типе;

4. Проверить, что в других дочерних типах такого атрибута также нет. Иначе удалить во всех дочерних типах указанный атрибут;
5. Добавить атрибут в родительский тип из тестового типа;
6. Убедиться, что в дочерних типах атрибут также появился.",2
Как сделать автонумерацию заявок?,Пример создания автонумерации подробно описан в статье ,2
"Не сохраняется объект, вылетает ошибка валидации входных данных, что делать? | Значение идентификатора уже существует, и объект не сохраняется, что делать? | Таблица уже существует в типе объекта, объект не сохраняется, что делать? |Выдает ошибку: TABLE_NAME Таблица уже существует в типе объекта | Выдает ошибку: IDENT Значение уже существует | Выдает ошибку: Наименование таблицы Таблица уже существует в типе объекта | Выдает ошибку: Сист. идентификатор Значение уже существует ","Ошибка валидации означает то, что в Системе уже имеются сущности с такими названиями. Соответственно, чтобы объект сохранился, нужно изменить название, которое указано в ошибке.",2
"При создании типа объекта появился восклицательный знак, что это значит?","Красный восклицательный знак означает обязательность. После заполнения этого поля цвет сменится на серый - значит, можно сохранять карточку объекта.",2
"При создании нового атрибута появилось поле ""значение по-умолчанию"", система просит его заполнить, для чего оно нужно?","Т.к. в реестре уже имеются экземпляры с атрибутами, обязательными для заполнения, Система спрашивает: ""Что делать с уже созданными экземплярами, чем заполнять в них новый обязательный атрибут?"". 
Таким образом, необходимо либо удалить из реестра экземпляры (более предпочтительный вариант), либо указать значение для существующих. 

Подробнее читайте в статье ",2
"Система не дает ввести больше 23 значений в идентификатор, что делать?","Необходимо уменьшить наименование, например, можно обрезать конец слова.",2
"Как удалять объекты из реестра? | Не могу удалить объекты из реестра, что делать?","Для того, чтобы удалить объект из реестра, необходимо сделать следующее:
1.Выделить нужный объект и нажать кнопку удалить
2. Выделить все, выбрать действие “Удалить” и нажать “Подтвердить”
Если после этого шага удаление не происходит, и вылетает ошибка “Link type attr not found”, то необходимо выбрать все пункты и указать действие, которое необходимо с ними выполнить.

",2
Можно ли у объекта поменять родителя и как это сделать?,"Нет, после сохранения объекта изменить его родителя невозможно. Необходимо удалить этот объект и создать новый, сразу указав верный родительский объект.",2
"Как создать выражение для атрибута ""Наименование""?","Создать выражение для наименования нельзя, необходимо переопределить существующее. Для этого выбрать данное выражение в реестре и нажать ""Переопределить алгоритм"".
Подробнее в статье ",2
"Можно ли удалять выражение для атрибута ""Наименование""?","Нет, нельзя.",2
"Что такое системный атрибут ""Прикрепленные файлы"" и для чего он нужен?","Использование атрибута ""Прикрепленные файлы"" в типе объекта позволяет прикреплять/ просматривать/ удалять документы (файлы) в карточке.
Подробнее в статье",2
"Как правильно добавлять системный атрибут ""Прикрепленные файлы?""","Необходимо либо использовать существующий, т.е. добавлять атрибут через кнопку ""Добавить существующий"", либо создавать свой идентификатор (с уникальными значениями).",2
"Падает ошибка ""Problem with object type "", что делать?","Необходимо в карточке объекта нажать кнопку ""Актуализировать таблицу"".",2
"При работе с выражением для наименования падает ошибка ""Объект не найден или у вас недостаточно прав на чтение"", с чем может быть связана ошибка?","Выражения для наименования нельзя удалять, единственное корректное действие - переопределять алгоритм. Необходимо удалить объект и создать заново.",2
Где найти экземпляры объекта?,"Экземпляры типа объекта находятся в реестре. Перейти в реестр типа можно по кнопке ""Открыть реестр""",2
Как создавать экземпляры объектов?,"Необходимо перейти в реестр типа объекта, экземпляр которого вы хотите создать. 
В реестре в левом верхнем углу будет находится  кнопка ""Создать"" (пиктограмма плюса)
По нажатию на данную кнопку откроется карточка объекта, после заполнения и сохранения которой, в реестре появится новоя запись в реестре - новый экземпляр создан",2
"Как можно удалить экземпляры типа объекта при выполнении алгоритма?
","Можно использовать конструкцию delete(id объекта) или воспользоваться SQL скриптом. 
Также нужно заметить, что, если с удаляемым объектом есть связанные объекты, то удаление не произойдёт.
 SQL скрипт нужно будет писать заранее.",2
"Когда захожу под пользователем, не вижу экземпляры справочника и не могу заполнить атрибут в карточке, что делать?",Необходимо раздать права для группы доступа пользователя на уже созданные экземпляры справочника (настройка прав по умолчанию в карточке справочника).  ,2
"Под пользователем не могу открыть и посмотреть через пункт меню экземпляры в реестре, что делать?","Необходимо проверить права на пункт меню для группы доступа данного пользователя, а также проверить права к самому реестру.",2
"У меня не отображается атрибут или его значение в сформированом документе (xml, печатная форма и т.д.)","Нужно добавить нужный атрибут на визуал, заполнить, сформировать новый документ и проверить. ",2
Как настроить визуал карточки? |Как пользоваться конструктором для настройки визуала карточки?,"В реестре объекта необходимо перейти в карточку экземпляра или создать новый 
Нажать “Настройка визуального представления” (Карандаш в правом верхнем углу)
После этого можно осуществлять настройку

Подробнее в статье",2
Как сделать атрибуты в один столбец на визуале?,"Необходимо выполнить следующие действия:
1. Зайти в реестр типа объекта.
2. Нажать на кнопку “Создать” или открыть уже созданный экземпляр.
3. Нажать на кнопку “Настройка визуального представления”
4. В открывшейся панели “Элементы” необходимо зайти на вкладку “Группировки” и перетащить “Ряд” в рабочую область
5. С вкладки “Атрибуты” перетащить в добавленный ряд необходимые атрибуты, которые будут располагаться в столбик
6. Нажать “Ок” для сохранения результатов

Другие варианты настройки ищите в статье ниже или других статьях в вики",2
Как сделать атрибуты в одну строку на визуале?,"Необходимо выполнить следующие действия:
1. Зайти в реестр типа объекта.
2.Нажать на кнопку “Создать” или открыть уже созданный экземпляр.
3. Нажать на кнопку “Настройка визуального представления”
4. В открывшейся панели “Элементы” необходимо зайти на вкладку “Группировки” и перетащить “Ряд” в рабочую область
5. Затем в этот ряд  перетащить “Колонку”
6. С вкладки “Атрибуты” перетащить в добавленные колонки необходимые атрибуты, которые будут располагаться в строку
7. Нажать “Ок” для сохранения результатов

Другие варианты настройки ищите в статье ниже или других статьях в вики",2
Как сгруппировать атрибуты на визуале?,"Необходимо выполнить следующие действия:
1. Зайти в реестр типа объекта.
2. Нажать на кнопку “Создать” или открыть уже созданный экземпляр.
3. Нажать на кнопку “Настройка визуального представления
4. В открывшейся панели “Элементы” необходимо зайти на вкладку “Группировки” и перетащить “Ряд” в рабочую область
5. Затем в этот ряд  перетащить “Группу атрибутов”",2
Как настроить отображение группы атрибутов на визуале?,Читайте об этом в статье,2
"Можно ли разместить вкладки не горизонтально, а вертикально? ","В платформе есть виджет ""Управление вкладками"", он связывается с визуальной группировкой ""Группа вкладок"" (надо указать наименование группы вкладок в виджете) и предназначен для вертикального отображения группы вкладок. При этом сами вкладки настраиваются стандартно.

По умолчанию вкладки остаются видны, т. е. на визуале будут и вертикально расположенные вкладки и горизонтальные. Чтобы оставить только вертикальные нужно включить настройку Скрыть переключение вкладок.
",2
Как вынести рисунок/картинку на визуал?,"1. Можно создать специальный атрибут с  визуальным представлением ""Картинка""/""Image""

2. Другой способ:
Создать шаблон дашборда;
В нем использовать аналитическую панель ""Картинка"";
Использовать данный дашборд на 	нужном визуале.",2
Можно изменить названия атрибутов на визуале?,"Да, можно. Для этого необходимо дважды кликнуть по текущему названию атрибута, после чего оно станет доступным для изменения.",2
Как удалить экземпляры из реестра?,"Для того, чтобы удалить экземпляр из реестра типа объекта, необходимо выделить этот экземпляр в реестре и нажать “Удалить”",2
Как использовать виджет Редактор форм отчетности?,Работа с виджетом подробна описана в статье вики,2
Как настроить представление реестра?,Читайте об этом в статье,2
Как добавить столбцы в реестре?,"Для этого необходимо:
1. Нажать кнопку  “Настройки представления реестра” (гаечный ключ) в реестре типа
2. Чтобы добавить столбец, необходимо выбрать нужный в левой таблице и нажать на стрелку вправо. Чтобы убрать - выбрать столбец в правой таблице и нажать на стрелку влево.
",2
Как изменять ширину столбца при настройке представления реестра?,"Необходимо дважды кликнуть по ячейке ""Ширина столбца"", после чего значение станет доступным для изменения. Далее нужно сохранить результат, нажан на ""Ок"" или на ""Сохранить"".",2
Как изменить порядок столбцов в реестре?,"Для этого необходимо:
1. Нажать кнопку  “Настройки представления реестра” (гаечный ключ) в реестре типа
2. Выделить атрибут и кнопками справа вверх-вниз перемещать его.
3. Последовательность строк в данной таблице - то, в каком порядке будут располагаться столбцы в реестре слева направо.
",2
"Можно ли структурировать данные в реестре? Если да, то как?","Для удобства и наглядности данные в реестре можно структурировать следующим образом:
1. Создать объединенную шапку для столбцов
2. Создать группировки данных

Данные настройки производятся в настройках представления реестра ",2
Как сделать чтобы все объекты реестра появлялись на одном листе?,В меню представления реестра на вкладке “Стили отображения” нужно задать необходимое количество строк.,2
Как отключить отображение количества подразделов в реестре?,"Данная настройка является базовой при применении группировки по разделам, убрать количество подразделов настройкой  нельзя.",2
"В реестрах есть кнопка ""Выгрузить в excel"", можно ли самостоятельно настроить размеры шрифта и размеры полей в выгружаемом excel- файле?","Заранее в Системе нельзя настроить параметры, с которыми будут данные выгружаться в Excel, только в самом файле если корректировать после выгрузки.",2
А можно как-то поменять тему?,"Да, можно.

В приложении нужно нажать на имя пользователя в правом верхнем углу страницы.
Для того, чтобы выбрать из уже существующих, необходимо выбрать “Настройки оформления” в появившемся меню, после чего выбрать подходящую тему.

Подробнее в статье ",2
Как работает сортировка пунктов меню в системе?,"Пункты меню выстраиваются в соответствии с полем ""Порядок"".",2
Что такое бизнес-процесс?,"Бизнес-процесс (далее, БП) - это схема взаимодействия, алгоритм, по которому действуют пользователи для достижения результата.",2
Как создать бизнес-процесс?,"Для создания бизнес-процесса необходимо сделать следующее:
1. Зайти в реестр бизнес-процессов
2. Нажать на кнопку “Создать”
3. Далее откроется карточка бизнес-процесса. Необходимо заполнить поля “Наименование” и “Идентификатор”
4. Нажать на кнопку “Сохранить”

Подробнее в статье 

",2
Зачем связывать тип объекта и бизнес-процесс?,"Создание связи между бизнес-процессом и типом объекта предназначено для выбора объектов, в разрезе которых будет выполняться запуск настраиваемого бизнес-процесса.",2
Как связать тип объекта и бизнес-процесс?,"Настройка связей осуществляется в таблице ""Связанные типы объектов"" карточки бизнес-процесса.
Чтобы настроить связь типа объекта и бизнес-процесса необходимо:
1. Нажать кнопку создать в таблице “Связанные типы объектов”
2. В открывшемся модальном окне указать тип объекта, с которым необходимо связать данный бизнес-процесс
3. Нажать “Ок” или “Сохранить”.
4. Сохранить карточку бизнес-процесса.
",2
"После того, как я свяжу тип объекта и бизнес-процесс, смогу запускать его прямо из карточки объекта?","Да, после создания связи в карточке объекта автоматически отобразится кнопка ""Запустить БП"", а в меню ""Действия"" отобразится возможность ""Очистить все маршруты"". ",2
Зачем нужна настройка тегов для файлов?,"В случае необходимости прикрепления файлов (документов) по ходу бизнес-процесса, необходимо определить их классификацию.
Выбор классификаций файлов, необходимых к прикреплению, выполняется посредством настройки тегов и категорий файлов при работе с карточкой бизнес-процесса.

Настройка определяет категорию и/или присваивает тэг каждому добавленному на маршруте файлу. То есть данный файл прикрепляется к другим задачам согласно определенной категории/присвоенным тегам.

Подробнее в статье",2
Как открыть схему бизнес-процесса?,"Открыть схему бизнес-процесса. Это можно сделать тремя способами:
1. Выделить нужный бизнес-процесс в реестре бизнес-процессов, нажать “Действия”, после чего нажать “Схема БП”
2. Зайти в карточку бизнес-процесса и нажать “Схема процесса”
3. Зайти в карточку бизнес-процесса, нажать “Действия”, после чего нажать “Схема БП”",2
Как создать схему бизнес-процесса?,"Для создания схемы необходимо перейти в схему нужного бизнес-процесса.
Создание и настройка схемы осуществляется в рабочей области посредством перетаскивания и настройки элементов с панели

Для создания нового элемента на схеме БП необходимо перетащить его с панели слева.
Для связи элементов на схеме необходимо выделить исходный элемент и протянуть стрелку до элемента-назначения.
Сохранить изменения необходимо по кнопке, расположенной в левой нижней части рабочей области карточки БП. После чего Система уведомит о сохранении диаграммы.

Приступать к настройке этапов можно только после сохранения диаграммы!

Подробнее в статье",2
Как настроить этап бизнес-процесса?,"Чтобы настроить этап бизнес-процесса, необходимо выполнить следующее:
1. Открыть схему бизнес-процесса.
2. Нажать на этап, который нужно настроить (например, задача)
3. Нажать на “Change Type” (гаечный ключ)
4. Выбрать нужный тип этапа (например, задачи)
5. Сохранить диаграмму
6. Нажать на “Edit Object” (шестеренка)
7. Настроить этап в соответствии с задачей
8. Сохранить настройки

",2
"Нужно на нескольких пользователей назначать одну и ту же задачу, которую они должны выполнять параллельно. Как это можно реализовать? ","1. Поскольку задача         одинаковая, но согласно бизнес-кейсу         - каждый сотрудник должен ее выполнить,         то корректно с точки зрения Системы         будет создать для каждого сотрудника         отдельную задачу.         
         
2. Поскольку все задачи         должны выполняться параллельно, создаем         Параллельный шлюз и происходит         разветвление на 3 задачи после линейного         процесса.         
         
3. Аналогично и с окончанием задач,         линейный процесс должен продолжиться         только после того, как все 3 пользователя         выполнят свои задачи, поэтому на выходе         тоже параллельный шлюз, который         ждет завершения всех задач и только         после этого процесс будет идти дальше.   
",2
"Зачем нужно промежуточное событие, за что отвечает этот элемент?","Промежуточное событие происходит на отрезке, ограниченном Стартовым и Конечным событиями. Примером промежуточного события является автоматическое уведомление пользователя (например, для исполнителя задачи при её назначении). Промежуточное событие оказывает влияние на ход процесса, но не может являться началом или завершением бизнес-процесса. Элемент Промежуточное событие (сигнал-ожидание) ожидает и обрабатывает сигналы и в том случае, если сигнал-передатчик (Signal Intermediate Throw Event) находится в подпроцессе (не в основном процессе).",2
Как поменять тип события?,"Чтобы поменять тип события, необходимо выполнить следующее:
1. Открыть схему бизнес-процесса.
2. Нажать на событие, которое нужно изменить
3. Нажать на “Change Type” (гаечный ключ)
4. Выбрать нужный тип события
5. Сохранить диаграмму.",2
Как установить таймер на задачу?,"1. Чтобы установить таймер на задачу, необходимо перетащить промежуточное событие с панели инструментов на задачу
2. Нажать на него, затем на гаечный ключ. В открывшемся списке выбрать нужный тип таймера
3. Сохранить диаграмму",2
Как настроить сигналы на бизнес-процессе?,"Первым делом необходимо установить в бизнес-процессе сигнал источник, который будет передавать информацию сигналу-приемнику.

Далее необходимо настроить сигнал-источник:
1. Нажать на него и выбрать Edit object (шестеренки)
2. В открывшихся настройках указать “Сигнал”, через который будут связаны источник и приемник.
3. Нажать “Ок” или “Сохранить”.
4. Сохранить диаграмму.

Далее необходимо настроить сигнал-приемник. Для  этого нужно проделать те же самые действия с единственным различием - в настройках карточки этапа сигнала необходимо выбрать именно тот сигнал, который был установлен в источнике

",2
Чем отличается задача от подпроцесса?,"Пользовательская задача определяет необходимые действия исполнителя, а подпроцесс – действие Системы, представляющее собой отдельный бизнес-процесс.",2
Как поменять тип действия?,"Чтобы поменять тип действия, необходимо выполнить следующее:
1. Открыть схему бизнес процесса.
2. Нажать на этап, который нужно настроить
3. Нажать на “Change Type” (гаечный ключ)
4. Выбрать нужный тип действия
5. Сохранить диаграмму",2
Как настроить задачу в бизнес-процессе?,"В схеме процесса:
1. Нажать на “Edit Object” (шестеренка)
2. В открывшемся модальном окне осуществить настройки на соответствующих вкладках
3. После чего сохранить изменения, нажав на “Сохранить” или “Ок”",2
Что такое сервисная задача?,"Сервисная задача - действие, выполняемое Системой (чаще по заданному алгоритму). Для конечного пользователя сервисная задача недоступна к просмотру.",2
Как настроить сервисную задачу?,"В схеме процесса:
1. Нажать на “Edit Object” (шестеренка)
2. В открывшемся модальном окне осуществить настройки на соответствующих вкладках
3. После чего сохранить изменения, нажав на “Сохранить” или “Ок”",2
Где найти и как установить расширение на задачу?,"На схеме процесса для сервисной задачи:
1.Нажать на “Edit Object” (шестеренка).
2. В открывшемся модальном окне нажать на “Расширения” (находится в левом верхнем углу)
",2
Что такое задача-сценарий?,"Задача-сценарий – действие, которое подразумевает выполнение сценария (алгоритма) в рамках настраиваемого бизнес-процесса. Задача выполняется Системой автоматически. Используемый сценарий (алгоритм) должен быть сформирован заранее и представлять собой последовательность действий.",2
Как настроить задачу-сценарий?,"В схеме процесса:
1. Нажать на задачу, затем на гаечный ключ, в открывшемся списке выбрать Script Task (задача-сценарий)
2. Нажать на “Edit Object” (шестеренка)
3. В открывшемся модальном окне осуществить настройки на соответствующих вкладках
4. В открывшемся модальном окне заполнить алгоритм, который будет выполнять данная задача
5. Сохранить настройки, нажав “Сохранить” или “Ок”",2
Что такое шлюзы?,"Это элементы бизнес-процесса, которые используются для фиксации расхождений и схождений потока операций бизнес-процесса и определения хода маршрутного объекта.",2
Чем отличаются шлюза друг от друга?,"Шлюзы бывают пяти типов, каждый из которых решает определенные задачи
1. Эксклюзивный/ исключающий шлюз (оператор ""ИЛИ"", exclusive gateway):
     - если оператор используется для разветвления БП, то поток операций направляется лишь по одной исходящей ветви (в зависимости от условий);
     - если оператор используется для синхронизации, то он ожидает завершения выполнения хотя бы одной входящей ветви и активирует выходной поток.

2.  Параллельный шлюз (оператор ""И"", parallel gateway):
       - если оператор используется для ветвления, то он разделяет один поток управления на несколько параллельных. При этом все исходящие ветви активируются одновременно;
        - если оператор используется для синхронизации, то он ожидает завершения выполнения всех входящих ветвей и лишь затем активирует выходной поток.

3. Включающий шлюз (оператор включающего ИЛИ, inclusive gateway):
     - активирует одну или более исходящих ветвей, если осуществляется ветвление;
     - если оператор используется для синхронизации, то он ожидает завершения выполнения одной входящей ветви и активирует выходной поток.

4. Комплексный шлюз (complex gateway) – имеет несколько условий, в зависимости от выполнения которых активируются исходящие ветви. Настройка условий осуществляется в разрезе переходов (в карточке настройки элемента) выходящих из данного оператора

5. Неэксклюзивный шлюз (оператор исключающего ИЛИ, event based gateway) – направляет поток управления лишь по той исходящей ветви, на которой событие произошло  первым. После оператора данного типа могут следовать только события или действия-обработчики сообщений.



",2
Как настроить шлюзы?,"На схеме бизнес-процесса необходимо перетащить элемент шлюза в рабочую область и выбрать необходимый тип. 
Сохранить схему процесса",2
Что такое поток операций?,"Это элемент бизнес-процесса, который используется для отображения порядка, в котором организованы действия процесса.",2
"Не вижу поток операций на панели элементов, как его добавить на схему?","Предположим, у нас есть два действия, т.е. нужно направить поток операций от первого ко второму. Для этого:
1. Нажать на первое действие и выбрать Connect using Sequence/MessageFlow (стрелочки)
2. После этого за курсором потянется пунктирная линия
3. Навести курсор на второе действие
4. Один раз кликнуть по второму действию, после чего на схеме отобразится поток операций с нужным нам направлением",2
Какой тип перехода за что отвечает?,"Всего существует три типа потока операций:
1. Uncontrolled Flow, неконтролируемый поток операций, который относится к следующим потокам:
     - на которые не воздействую никакие условия;
     - не проходящим через шлюзы.
Простейшим примером Неконтролируемого потока может послужить отдельно взятый поток операций, объединяющий два действия.

2. Conditional Flow, условный поток операций, зависящий от условных выражений. Если Условный поток операций является исходящим от действия (задачи), то у основания линии изображается небольшой ромб.

3. Default Flow, условный поток операций, используемый при настройке элемента ""Условие, эксклюзивный шлюз"". Поток операций данного типа используется в случае, если остальные исходящие условные потоки операций не являются верными во время выполнения действия. Для изображения таких потоков операций используются диагональная черта, располагающиеся у основания линии.

",2
Как настроить поток операций?,"1. Добавить поток операций на схему бизнес процесса.
2. Нажать на поток, затем на Change Type (гаечный ключ).
3. Выбрать необходимый тип потока.
4. Сохранить диаграмму.
5. Нажать на поток, затем на Edit object (шестеренки).
6. Выбрать из существующих или создать новый алгоритм (условие) и/или алгоритм видимости перехода.
7. Нажать “Ок” или “Сохранить”.
8. Сохранить диаграмму. 
",2
Обязательно ли разбивать бизнес-процесс на пулы?,"Описание действий может выполняться как внутри пула, так и без границ (описание БП без использование пулов, дорожек).",2
Как добавить сноску?,"Для ввода комментария (сноски) необходимо нажать на элемент бизнес-процесса, затем на значок с пунктиром. После чего ввести необходимый комментарий (текст).",2
Как настроить права доступа для бизнес-процесса?,"Определение прав доступа к экземплярам типа объекта посредством прохождения объекта по бизнес-процессу доступно в случае, если Вид контроля прав в карточке объекта указан как ""Контроль прав по ответственным сотрудникам"". Виды разграничения доступа к объектам определяются в разрезе пользовательских групп доступа матрицы курируемости. Права назначаются пользователю или группе пользователей.",2
Что такое матрица курируемости?,"Это матрица, в которой описаны разрешенные взаимодействия ролей в рамках конкретного БП.",2
Для чего нужна матрица курируемости?,"Матрица курируемости нужна для реалиации следующих задач: 
1. Разграничение прав на просмотр и запись объекта. 
2. Определение потенциальных ответственных сотрудников по задачам. 
3. Определение подчиненных сотрудников.",2
Как настроить матрицу курируемости? | Как создать матрицу курируемости?,https://docs.google.com/document/d/1z92-U8cXdQO3PDpsc21oEMi078FqcNB74Dff_PMVMmI/edit,2
Для чего нужны нормативные сроки?,Для контроля сроков выполнения задач на бизнес-процессе.,2
Как настроить нормативный срок?,"Для того, чтобы настроить нормативные сроки, необходимо сделать следующее:
1. Открыть реестр с нормативными сроками
2. Нажать “Создать”
3. Заполнить обязательные атрибуты: 
      - Наименование;
      - Тип объекта, в разрезе которого нормативный будет применяться (блок полей ""Связи с типами объектов"");  
      - Тип назначения срока и сам срок (блок полей “Нормативный срок”);
      - Условия, по которым будет определяться применение нормативного срока к процессу (блок полей ""Условия отсчета нормативного срока"").
4. Сохранить карточку
",2
Можно ли привязать один и тот же нормативный срок к нескольким бизнес-процессам с одним и тем же маршрутным объектом?,"Да, можно. Для этого в карточке нормативного срока необходимо открыть Условия отсчета нормативного срока -> Процессы, после чего добавить все бизнес процессы, на которых необходимо установить данный нормативный срок.",2
Для чего нужны условия отсчета нормативного срока?,"В блоке полей “Условия отсчета нормативного срока” реализуются следующие настройки:
   -  Блок процессы – выбор бизнеса(ов), при запуске которого для объекта начнется отсчет нормативного срока выполнения задачи. Время выполнения бизнес процесса является завершением нормативного срока. При необходимости исключения из отсчета нормативного срока времени, затраченного на определенные этапы, их необходимо указать в таблице ""Этап процесса для исключения"" блока ""Этапы"";
   - Блок этапы (этапы бизнес-процесса) – выбор этапа(ов), на которых будет отсчитываться/ не отсчитываться нормативный срок.

Данная настройка будет транслироваться в поле ""Срок выполнения"" карточки этапа бизнес процесса. 

    - Блок группы доступа – выбор группы пользователей/роли для определения нормативного срока. В данном случае нормативный срок будет распространяться на все этапы БП, ответственными в которых указана данная группы пользователей/ роль.
    - Блок статусы - выбор статуса для определения нормативного срока.
",2
А можно как-то приостановить выполнение нормативного срока?,"Да, можно либо автоматически, либо вручную.

1. Автоматическая приостановка:
1.1. На дочернем бизнес-процессе необходимо настроить сервисное действие с одним из двух расширений: 
        - Приостановка нормативных сроков на родительском процессе.
        - Снятие приостановки нормативных сроков родительского процесса.
В таком случае приостановка нормативных сроков происходит для всех активных нормативных сроков родительского процесса, в рамках которого был запущен дочерний.
2. Ручная приостановка:
2.1. Открыть карточку задачи, для которой необходимо приостановить отсчет нормативного срока.
2.2. Нажать кнопку ""Приостановить нормативный срок"". Система отобразит запрос причины приостановки.
2.3. Указать причину приостановки нормативного срока.
",2
Как запустить бизнес-процесс?,"1. Открыть карточку маршрутного объекта данного бизнес-процесса.
2. Либо нажать “Запустить процесс”, либо нажать “Действия”, и в открывшемся списке выбрать “Запустить бизнес-процесс”.
3. Далее откроется модальное окно, в котором будут перечислены все бизнес-процессы, у которых данный объект является маршрутным объектом. Нажать на бизнес-процесс, который нужно запустить.
4. Нажать “Запустить”.

",2
Как посмотреть маршрут бизнес-процесса?,"1. Открыть карточку маршрутного объекта данного бизнес-процесса.
2. Либо нажать “Маршрут”, либо нажать “Действия”, и в открывшемся списке выбрать “Маршрут”.
3. Откроется модальное окно, в котором будут указаны этапы бизнес-процесса вплоть до текущего. Чтобы посмотреть графическую схему бизнес-процесса, необходимо нажать на его название
",2
Как открыть карточку задачи?,"Чтобы открыть карточку задачи можно сделать следующее:
- Нажать на кнопку ""Перейти к задаче"" в уведомлении, которое поступает пользователю в момент назначения (генерации) задачи
- В карточке маршрута бизнес-процесса нажать на нужный этап
- Через реестр типов объектов перейти в реестр типа “ДО. Задача на процессе”, где найти нужную задачу и открыть ее карточку
",2
Можно ли перейти к предыдущему этапу бизнес-процесса и как это сделать?,"Да, можно.
Для этого рядом с этапом, до которого требуется откатить бизнес-процесс, нужно нажать на пиктограмму выхода
",2
Можно как-то удалить все запущенные бизнес-процессы по объекту и как?,"Да, можно.
Для этого в карточке объекта необходимо нажать “Действия”, а затем “Очистить все маршруты”.",2
Как посмотреть у какого пользователя какие задачи?,"Это можно посмотреть в реестре типа объекта ""ДО. Задача на процессе"".",2
"Как из карточки можно убрать кнопку ""Запустить бизнес-процесс""? ",Отображение кнопки запуска бизнес-процесса не регулируется аналитиком. ,2
"Задача на БП ни на кого не назначилась (пусто в исполнителе задачи), что делать? | У пользователей не отображаются назначенные на них задачи. С чем это может быть связано?","Необходимо проверить настройку роли на данном этапе бизнес-процесса, а также проверить, есть ли данная роль у пользователя.",2
"Задача назначилась на пользователя, но под аккаунтом этого пользователя система выдает ""недостаточно прав на чтение"", что делать?","Необходимо раздать права к маршрутному объекту (тип объекта, по которому запускается бизнес-процесс) для группы доступа данного пользователя.",2
"Под аккаунтом пользователя не получается открыть графическую схему бизнес-процесса, что делать?","Необходимо раздать права на чтение на соответствующий бизнес-процесс в типе объектов ""ДО. Бизнес процесс"".",2
"Почему в маршрутном объекте не отображаются кнопки ""Запустить процесс"" и ""Маршрут""?","Данные кнопки не отображаются, если нет прав на связь бизнес-процесса и типа объекта для нужной группы.",2
"При попытке удалить бизнес-процесс появляется ошибка ”Запрещено удалять элементы бизнес-процесса через реестры”. Что сделать, чтобы удалить бизнес-процесс?","Удалять бизнес-процесс (БП) можно при условии отсутствия в реестре ""ДО.экземпляр запущенного процесса"" экземпляров этого БП. Т.о. надо завершить экземпляры бизнес-процесса, который необходимо удалить.",2
Что такое бизнес-правила?,"Бизнес-правила - это алгоритмы, т.е. последовательность вычислительных шагов, выполняющих преобразование входных данных в выходные.",2
Для чего нужны алгоритмы?,"С помощью бизнес-правил (алгоритмов) решаются следующие задачи: 
1. Заполнение атрибутов; 
2. Фильтрация элементов; 
3. Создание условий на бизнес процессе; 
4. Создание действий на бизнес процессе; 
5. Трансформация отчетности; 
6. Расчет вычислимых показателей в рамках методик.",2
Где найти алгоритмы?,"Все алгоритмы располгаются в реестре алгоритмов. Чтобы в него попасть, необходимо в пункт меню Администрирование - Управление объектами - Алгоритмы объектов.",2
Как создать алгоритм?,"Создать алгоритм можно двумя способами:
 - Из реестра алгоритмов (Администрирование - Управление объектами - Алгоритмы объектов; в открывшемся реестре нажать “Создать”).
 - Из текущей карточки (место, где требуется вставить алгоритм; нажать на три точки - добавить):
     1. В открывшейся карточке алгоритма заполнить Наименование и Идентификатор в блоке “Общая информация” и Базовый тип объектов (иногда не требуется) в блоке “Параметры“.
     2. Создать алгоритм (функции добавляются с помощью нажатия на соответствующие кнопки) в блоке “Формула/алгоритм”.
     3. Сохранить карточку.

",2
Как удалить алгоритм?,"Необходимо выбрать алгоритм в реестре алгоритмов и нажать ""Удалить"" (крестик) на панели инструментов.",2
Можно ли вернуть предыдущую версию алгоритма?,"Нет, нельзя. После сохранения изменений, первоначальный вид алгоритма будет недоступен. Откат изменеий карточки алгоритма невозможен.",2
"Как проверить, правильно ли работает алгоритм?","1. Зайти в карточку алгоритма и нажать “Выполнить алгоритм”
2. Указать объект, по которому будет запущен алгоритм (Через ввод идентификатора или выбор из списка)
3. Нажать “Рассчитать”.",2
Почему введенная с клавиатуры функция не работает?,"Функции необходимо добавлять не вручную, а со вкладок с функциями, путем нажатия на соответствующие кнопки.",2
"При работе с алгоритмом возникает ошибка валидации входных данных, что делать?","Если возникла ошибка валидации алгоритма (до проверки его выполнения), необходимо исключить следующее:
1. Использование некорректных (не поддерживаемых Системой) рукописных формул;
2. Применение не парного количества скобок при написании алгоритма;
3. Использование символов кириллицы (""русских"" букв) при написании алгоритма.",2
Можно ли изменить набор функций в панели инструментов?,"Да, можно. См. вики статью.
+Также можно нажать на ""Настройка панели инструментов"" под областью для ввода алгоритма.",2
можно ли к атрибуту дате алгоритмом прибавлять количество календарных дней и количество рабочих дней?,"Прибавить дни можно с помощью функции plusDays(). Структура данной функции такова: plusDays(|атрибут с датой, в который будут происходить прибавление|, |кол-во дней, которое нужно прибавить|). В качестве параметра можно использовать другой атрибут/переменную/статичное значение.",2
"Я написал формулу для заполнения поля, но оно пустое. Почему?","Проверьте, что ваш алгоритм явно возвращает значение для заполнения. ",2
"У меня не получается написать алгоритм. Есть в системе способ для отладки алгоритмов?
","После запуска алгоритма доступно поле Лог выполнения алгоритма, в котором можно отследить возникающие ошибки
Также можно прописывать функцию prinout(), которая не влияет на конечный результат, но выводит сообщения помогающие отладке",2
Как удалять объекты через алгоритмы?,"Для удаления объектов в системе используется вызов скрипта с помощью функции skript. В Скрипте осуществляется запрос к базе, в соответствии с которым Система меняет статус логического удаления (значение 0 в базе свидетельствует о том, что объект удален) для объектов, которые задаются параметром.
Для удаления объекта через алгоритм необходимо:

1. Создать скрипт через тип объектов «Скрипт СУБД (SQL, PL/SQL, T-SQL и др)» (написать соответствующий sql – запрос, в котором будет прописано изменение статуса по типам объектов (начиная с нужного вверх по иерархии до типа Объект (sys_object))
2. Вызвать указанный скрипт в алгоритме с указанием условий, при которых следует удалять объекты. Кроме того, в алгоритме указываются значения, которые нужно передать параметру.",2
Как вычесть дату из даты и получить разницу в виде числа?,Можно использовать функцию ReportDatesBetween,2
"Не отображаются атрибуты для функции attr, что делать?","Проверить, указан ли базовый тип объекта. Если да, проверить - указан ли правильный.",2
Как создать пользовательское действие? | Как настроить пользовательское действие?,Порядок действий по созданию пользовательских действсий подробно описан в статье на вики.,2
"XML  файл формируем алгоритмом. При попадании в XML наименования организации с символом "" возникают ошибки. Как этого избежать?","Нужно экранировать такие символы. Вы можете использовать для этого специальные самописные функции:
 - String escapeXml(String xml)
 - String unescapeXml(String xml)",2
"Как обезличить данные клиентов в системе?
","Как вариант можно удалить ИНН, ОГРН, наименование, адрес, паспортные данные, дату рождения. Для этого надо будет написать скрипт. Чтобы написать скрипт на основе вашей объектной модели надо понять в каких таблицах хранятся данные, требующие обезличивания; написать скрипт (update) по их удалению; если какие-либо обезличиваемые данные задействованы в индексах, то их надо не удалять, а  заменять их значение.",2
Как настроить запуск действия по расписанию? | Как добавить новое расписание действий?,Порядок действий по настройке запуска действий по расписанию подробно описан в статье на вики.,2
Как добавить новое расписание ?,Порядок действий по созданию новых расписаний подробно описан в статье на вики.,2
Как настроить запуск алгоритма по расписанию?,Порядок действий по настройке запуска алгоритмов по расписанию подробно описан в статье на вики.,2
Как настроить запуск ETL по расписанию?,Порядок действий по настройке запуска ETL по расписанию подробно описан в статье на вики,2
Как настроить запуск расчета по расписанию?,Порядок действий по настройке запуска расчетов по расписанию подробно описан в статье на вики.,2
Как настроить оповещения?,Порядок действий по настройке оповещений подробно описан в статье на вики.,2
Как настроить уведомление о системном событии?,Порядок действий по настройке уведомлений о системных событиях подробно описан в статье на вики.,2
Как настроить рассылку сообщений по почте?,Порядок действий по настройке рассылки сообщений по почте подробно описан в статье на вики.,2
Есть возможность синхронизировать оповещения с системой Outlook? | Как сформировать событие в календаре Outlook?,"Да, есть.  
Порядок действий по настройке подробно описан в статье на вики.",2
Как настроить рассылку сообщений в чате?,Порядок действий по настройке рассылки сообщений в чате подробно описан в статье на вики.,2
Как настроить всплывающее уведомление для пользователя?,Порядок действий по настройке всплывающих уведомлений подробно описан в статье на вики.,2
Где и как указывать ключи доступа к сторонним программам (Контур.Фокус и другие)?,"Для добавления/изменения логинов/паролей/ключей. Нужно перейти в реестр ""Типы объектов"", выбрать тип ""Секретная переменная"", открыть реестр, создать/выбрать нужный объект, в объекте изменить значение в поле ""Значение""",2
Необходимо вытащить значение полей из json файла в систему. Как это сделать?,"Такие вложенные структуры нужно разбирать с помощью трансформатора ""Разбор json"". Нужно создать вложенную ДС с указанными нодами и в нее разобрать вложенный json
",2
Как забирать файл из определенной папки и прикреплять к карточке?,Необходимо выбрать для ETL в первом этапе Источник.файл бинарный файл,2
Google sheets | гугл таблицы | Есть ли возможность выгружать из гугл таблиц? |  Есть ли возможность загружать из гугл таблиц?,Функция взаимодействия с гугл таблицами на нашей платформе не реализована ,2
Не формируется электронная версия документа,"В первую очередь следует проверить, не запрещены ли в браузере ""всплывающие окна"". 
Еще раз нажать на кнопку формирования печатной формы, в окне браузера появится знасок, нажав на который пользователь сможет разрешить ""всплывающие окна"", после этого пчеатная форма откроется  соседней вкладке.
 Если всплывающие окна не заблокированы, значит проблема в настройке шаблона печатной формы, нужно разбираться с настройками.",2
Что такое дашборд?,Дашборд (информационная панель) – инструмент для визуального представления различного формата данных в одной области экрана для более легкого визуального восприятия информации.,2
Зачем нужен дашборд?,"Дашборды часто используются для отображения диаграмм и линейных графиков, а также таблиц различных форматов, основанных на источниках данных.",2
Как создать дашборд? |  Какой порядок действий при создании дашборда?,Порядок действий по созданию дашборда подробно описан в статье на вики.,2
Чем отличаются дашборд и шаблон дашборда?,"Дашборд - визуальная группировка элементов;
Шаблон дашборда - встраиваемый элемент в произвольную карточку объекта.

Дашборд позволяет наглядно отобразить необходимые данные. 
Шаблон дашборда позволяет отображать данные с учетом контекста. То есть, данные определенного объекта.",2
Как вывести дашборд в печатную форму?," Есть возможность вывода графика дашборда через расширения в шаблонах печатной формы Источник на основе диаграммы Word и Источник данных на основе графика показателей.
Дополнительная информация в статье вики в разделе Выгрузка графических объектов в печатную форму",2
"Проблема: не отображаются печатные формы, которые были сформированы по дочерним шаблонам","В каждом из дочерних объектов создать атрибут ""Документ, сформированный по шаблону"" и в данную карточку с помощью фрейма выводить такие реестры, таким образом, в картчоке в визуале будет не 1 реестр, а соответственно 3, из них 1 - тот, который есть сейчас и 2 - по дочерним объектам.


Настроить дэшборд на основании данных версий печатных форм из родительского объекта и из дочерних объектов и выводить указанный дэшборд в виде плоской таблицы в карточку указанного типа вместо дочернего объекта ""Документ, сформированный по шаблону"".",2
"Для чего нужна аналитическая панель ""Параметр""?","Аналитическая панель ""Элемент упарвления"" позволяет задать параметр для последующего формирования данных иных панелей текущего дашборда. При этом формирование панелей дашборда должно осуществляться на основании источника с параметром.",2
"Как настроить аналитическую панель ""Параметр""?","Порядок действий по настройке аналитической панели ""Параметр"" подробно описан в статье на вики.",2
"Что такое аналитическая панель ""Таблица"" и для чего она нужна?","Это аналитическая панель, которая отображает данные сформированных источников и служит источником для иных панелей дашборда.",2
"Как настроить аналитическую панель ""Таблица""?","Порядок действий по настройке аналитической панели ""Таблица"" подробно описан в статье на вики.",2
"Для чего нужна аналитическая панель ""Диаграмма динамики""?","Аналитическая панель дашборда ""Диаграмма динамики"" позволяет выстроить диаграмму, учитывая изменение данных в течение времени.",2
"Как настроить аналитическую панель ""Диаграмма динамики""?","Порядок действий по настройке аналитической панели ""Диаграмма динамики"" подробно описан в статье на вики.",2
"Как настроить аналитическую панель ""Структурная диаграмма""?","Порядок действий по настройке аналитической панели ""Структурная диаграмма"" подробно описан в статье на вики.",2
Как задать условия фильтрации для структурной диаграммы? ,Порядок действий по созданию условий фильтрации подробно описан в статье на вики.,2
Что нужно указывать в поле для группировки?,"В поле для группировки необходимо указывать атрибут, по которому будет осуществляться группировка.",2
Что значит группировка?,"Выбор атрибута, значение которого будет использоваться для группировки данных. Используется для настройки диаграмм всех видов, кроме ""Пузырьковой"".",2
Что нужно указывать в поле для агрегации?,"Выбор способа агрегации. Используется для настройки диаграмм всех видов, кроме ""Пузырьковой"". Возможные значения:
1. Количество;
2. Максимум;
3. Минимум;
4. Среднее взвешенное;
5. Среднее значение.",2
"Для чего нужна аналитическая панель ""Слайдер с диаграммами""?","Аналитическая панель дашборда ""Слайдер с диаграммами"" – визуальный компонент, в котором реализуется прокрутка контента. То есть, пользователь может поочередно просматривать ряд диаграмм.",2
"Как настроить аналитическую панель ""Слайдер с диаграммами""?","Порядок действий по настройке аналитической панели ""Слайдер с диаграммами"" подробно описан в статье на вики.",2
"Для чего нужна аналитическая панель ""Линейный график""?","Аналитическая панель ""Линейный график"" позволяет отобразить необходимый график в визуальном представлении дашборда.",2
"Как настроить аналитическую панель ""Линейный график""?","Порядок действий по настройке аналитической панели ""Линейный график"" подробно описан в статье на вики.",2
"Для чего нужна аналитическая панель ""Граф""?","Аналитическая панель дашборда ""Граф"" позволяет отобразить связи объекта графически. Чаще используется для отображения связей Клиента с другими организациями в рамках группы.
Панель используется для отображения данных текущей карточки. То есть, панель ""Граф"" обычно настраивается в шаблоне дашборда.",2
"Как настроить аналитическую панель ""Граф""?","Порядок действий по настройке аналитической панели ""Граф"" подробно описан в статье на вики.",2
Как задать условия фильтрации для графа? ,Порядок действий по созданию условий фильтрации подробно описан в статье на вики.,2
"Для чего нужна аналитическая панель ""Кнопка с действием""?","Аналитическая панель ""Кнопка с действием"" позволит разместить на дашборде кнопку для выполнения привязаного к ней действия. При этом, после нажатия на кнопку, Система отобразит модальное окно (экземпляр объекта; при соответствующей настройке).",2
"Как настроить аналитическую панель ""Кнопка с действием""?","Порядок действий по настройке аналитической панели ""Кнопка с действием"" подробно описан в статье на вики.",2
"Как создать и настроить действие для дашборда ""Кнопка с действием""?","Порядок действий по созданию и настройке кнопки для аналитической панели ""Кнопка с действием"" подробно описан в статье на вики.",2
"Что такое произвольный график ""Highcharts""?","Это аналитическая панель дашборда, которая позволяет отображать графики Highcharts (www.highcharts.com) в карточках объектов Системы.",2
"Как настроить аналитическую панель ""Произвольный график""?","Порядок действий по настройке аналитической панели ""Произвольный график"" подробно описан в статье на вики.",2
Что такое алгоритм? Как и где мне его заполнять?,"Это последовательность вычислительных шагов, выполняющих преобразование входных данных в выходные.
Создать алгоритм можно двумя способами:
Из реестра алгоритмов (Администрирование - Управление объектами - Алгоритмы объектов; в открывшемся реестре нажать “Создать”).
Из текущей карточки (место, где требуется вставить алгоритм; нажать на три точки - добавить)

В открывшейся карточке алгоритма заполнить Наименование и Идентификатор в блоке “Общая информация” и Базовый тип объектов (иногда не требуется) в блоке “Параметры“.
Создать алгоритм (функции добавляются с помощью нажатия на соответствующие кнопки) в блоке “Формула/алгоритм”.
Сохранить карточку.
",2
"Что делать, если в шаблонах нет нужной мне диаграммы?","Нужно на сайте highcharts.com найти нужный вид диаграммы, открыть его код и вбить в код алгоритма GreenData вручную, без шаблона.
Дополнительно создать таск на добавление соответствующего шаблона в платформу",2
"Для чего нужна аналитическая панель ""Спринт""?","Аналитическая панель дашборда ""Спринт"" позволяет отобразить ход (маршрутного) объекта по процессу (спринту).",2
"Как настроить аналитическую панель ""Спринт""?","Порядок действий по настройке аналитической панели ""Спринт"" подробно описан в статье на вики.",2
"Для чего нужна аналитическая панель ""Гиперссылки""?","Аналитическая панель дашборда ""Гиперссылки"" обычно используется для создания ""стартовой"" страницы. То есть той страницы пользователя, с которой возможен только переход по ссылке(ам). В случае выбора панели дашборда ""Гиперссылки"", объект займет всю рабочую область.",2
"Как настроить аналитическую панель ""Гиперссылки""?","Порядок действий по настройке аналитической панели ""Гиперссылки"" подробно описан в статье на вики.",2
Как настроить проваливание?,"1. Настройка типа/создание алгоритмов.
2. Формирование источников данных.
3. Управление источниками.
4. Настройка родительского компонента.
5. Настройка дочернего компонента.
6. Детализация данных.

Подробное описание с примерами по настройки drill-down (проваливания) представлепно в статье на вики. ",2
"Как работает Drill-down, когда расшифровка находится в отдельной диаграмме?","Если расшифровывающая диаграмма расположена отдельно от основной (т.е. в другом месте на визуале), то она будет отображаться с пустыми данными до клика на сектор родительской диаграммы. Аналогично для таблицы.",2
Что такое источник данных?,"Источник данных – это выборка данных, систематизированных по определенным критериям. Критерии выборки задаются с помощью запроса к базе данных (на языке SQL).",2
Зачем нужен источник данных?,"Сформированная информация используется в последующей работе пользователей и отображается (при соответствующей настройке):
  1. в отчетных формах;
  2. в печатных формах. 
  
Информация, формируемая источником, отображается на визуалах с помощью: 
  1. отчетных форм;
  2. дашбордов. 

Источник данных может использоваться для фильтрации данных. Пример настройки сложной фильтрации.",2
Как мне создать свой источник?,"1. Открыть пункт меню ""Источник данных""
2. Создать новую карточку источника
3. Действовать в соответствии со статьей Wiki (ссылка)
 
Если используется on-premise решение
  1. Дополнительно можно использовать тип объекта ""Источник на основе SQL"". т.к. имеется доступ к БД
  2. В этом случае написать источник самостоятельно в любой удобной программе, затем вставить готовый код в карточку типа ""Источник на основе SQL""
  3. Ссылку на Wiki
 
Если используется Saas-решение - ТОЛЬКО объектный источник, других вариантов нет",2
Как настроить объект-фильтр?,"Для настройки сложной логики фильтрации объектов необходимо:
1. Настроить объект-фильтр.
2. Указать фильтр на визуале.

Порядок действий по настройке объекта-фильтра подробно описан в статье на вики.",2
Для чего нужны параметры источника данных?,Параметры источника ограничивают (фильтруют) отображаемые им данные. Параметры могут задаваться для источников любого вида.,2
Как настроить параметры источника данных?,"1. Сформировать источник данных.
2. Нажать ""Управление параметрами"".
3. Нажать ""Создать"".
4. Ввести данные параметра.
5. Сохранить внесенные настройки.

Подробнее и с примером создание параметров источника описано в статье на вики. ",2
"Как изменить поля, отображаемые в источнике данных в денежном формате на целочисленное отображение, дату и время - на дату?","Если на основе источника данных планируется сделать отчетную форму или дашборд, то лучше на уровне источника форматирование не задавать, а сделать это на уровне отчетной формы/дашборда. Если все же нужно форматирование на уровне самого источника, то для этого следует использовать тип Стиль форматирования.
В нем вы можете задать нужные форматы (в том числе с помощью numbro.js). Далее данные стиль форматирования вам нужно использовать в атрибута ""Стиль форматирования"" в поле источника данных",2
"При просмотре источника падает ошибка: ""ERROR: syntax error at or near ""AN"" Position 1"". Что делать?","1. Проверить, созданы ли (сохранены ли) связи в источнике.
2. Настроены ли параметры.
3. Поля с наименованием не должны скрываться.",2
Что такое вычислимый показатель и для чего он нужен?,"Любой показатель представляет собой меру определения степени достижения цели (коэффициент) или набор количественных параметров, отражающих результаты деятельности организации.
В Системе эти показатели называются вычислимыми.
Вычислимые показатели разрабатываются и настраиваются на основе заявленных требований к Системе. Это обогащает представляемую информацию необходимыми данными.",2
Как создать вычислимый показатель?,Порядок действий по созданию вычислимых показателей подробно описан в статье на вики.,2
Как задать диапазон значений для вычислимого показателя?,Порядок действий по созданию диапазонов для вычислимых показателей подробно описан в статье на вики.,2
Что такое методика?,"Методика – это детализированный, пошаговый расчет необходимых показателей.",2
Для чего нужна методика?,"Методика предназначена для получения аналитических данных, рассчитанных на основании совокупности подобранных вычислимых показателей, которые вычисляются посредством алгоритмов.",2
Как создать методику?,Порядок действий по созданию методики подробно описан в статье на вики.,2
Как создать методику на основе формы отчетности?,Порядок действий по созданию методики на основе формы отчетности подробно описан в статье на вики.,2
Для чего нужна карточка расчета?,"Карточка расчета позволяет рассчитать методику с заданными системными параметрами (дата отчетности, тип динамики и т.д.).",2
Как создать карточку расчета?,Порядок действий по созданию карточки методики подробно описан в статье на вики.,2
Почему не сохраняется карточка расчета после изменения атрибутов внутри расчета?,"Если после нажатия на копку ""Сохранить"" карточка расчета не сохраняется, то нужно внести пробел в поле ""Наименование"" после названия карточки, затем выполнить повторное сохранение объекта.",2
Как и где выполнить расчет методики?,"Расчет методики производится на вкладке ""Расчет"" в карточке расчета. 
Для его выполнения предусмотрены кнопки - ""Рассчитать"" (рассчитать методику без сохранения результирующих значений) и ""Рассчитать и сохранить"" (рассчитать методику и сохранить полученные значений).",2
Для чего нужна таблица коэффициентов?,Таблицы коэффициентов применяются при оценочных расчетах. Они предназначены для осуществления поиска числа или объекта соответствующего передаваемому значению.,2
Как создать таблицу коэффициентов?,Порядок действий по созданию таблицы коэффициентов подробно описан в статье на вики.,2
Как вводить коэффициенты в таблицу?,Порядок действий по вводу коэффициентов в таблицу подробно описан в статье на вики.,2
Что такое аналитический диапазон значений?,"Это интервал между верхним и нижним границами, выраженный заявленными значениями нижнего и верхнего пределов.

Аналитический диапазон представляет набор числовых диапазонов, попадание в один из которых гарантирует возврат справочного значения (экземпляр объекта определенного типа) в качестве результата, или одну из границ интервала (числовое значение).",2
Как создать аналитический диапазон?,Порядок действий по созданию аналитического диапазона подробно описан в статье на вики.,2
Есть ли возможность заблокировать поле  (сделать недоступным для редактирования) после первого сохранения карточки? ,"Для того, чтобы заблокировать поле атрибута после сохарнения нуобходимо:
1. Добавить в тип объекта, в котором есть атрибут, который нужно заблокировать, дополнительный технический атрибут с типом (логический), при этом установить значение по умолчанию ""Нет""
2. Во вкладку ""Выражения"" добавить алгоритм карточки объекта для определения значения созданного технического атрибута
3. В настройках визуала для атрибута, который необходимо заблокировать, добавить условие блокировки

При создании нового экземпляра после сохранения карточки технический атрибут поменяет значение на ""ДА"" и необходимый параметр будет заблокирован от изменений. Технический атрибут соответственно на визуал не следует выносить
",2
"Как раздать права на дочерний объект в конкретном типе объекта, при этом весь тип объекта заблокировать, а дочерний разблокировать на удаление/редактирование/создание?",Задачу с доступом к объектам без возможности редактирования их элементов можно решить через визуал — заблокировать необходимые поля для редактирования.,2
Как заблокировать открытие карточки при двойном клике по строке реестра?,Для блокировки двойного клика необходимо на визуале необходимого типа объекта в настройках соответствующего атрибута нажать опцию Настройка DoubleClick и прописать алгоритм возвращающий true,2
Для чего нужна кнопка «Настройка прав по умолчанию»?,"Она нужна для раздачи прав на ранее созданные объекты.
1. При нажатии 	на указанную кнопку появится модальное окно, в котором с помощью кнопки ""Добавить группу или пользователя"" необходимо добавить нужную группу доступа, раздать необходимые права.
2. Для сохранения внесенных правок необходимо нажать ""Сохранить"".
3. После этого в этом же диалоговом окне необходимо нажать кнопку ""Применить права по умолчанию к существующим объектам"". ",2
"В системе не работает электронная подпись, при этом права на тип объекта у пользователя есть.","Это связано с тем, что на стенде удалили классификацию файлов ""Системные файлы"", либо у пользователя нет на неё прав. Необходимо проверить наличие этой классификации в БД (в том числе статус) и права.
Классификация файлов - обязательный атрибут. Подпись - это тоже файл, поэтому для создания подписи ей указывается эта классификация. Без наличия классификации ""Системные файлы"" и наличия у пользователя прав на её видимость подписание в системе работать не будет.",2
"Как можно скрыть для конкретной группы доступа видимость кнопки Маршрут, или запретить хотя бы просмотр информации по этой кнопке?","Скрыть или заблокировать кнопку никак нельзя, если по маршрутному объекту есть связи с процессом, то кнопка будет.",2
"У админов в верхней панели присутствует чат, а у пользователей нет. 
Подскажите, как возможно пользователям дать возможность пользоваться данной иконкой и чатом.","Для того, чтобы у пользователя появилась данная иконка, необходимо группе доступа, в которую он входит, настроить права через пункт меню ""доступ к объектам системы"" (Дочерний тип объектов: Разрешения, пункт: ""Доступ к чату"")",2
Можно ли поменять текст системных ошибок на более информативный?,"Редактирование текста ошибки в системе не предусмотрено. 
Чтобы избежать появления ошибок можно использовать следующие инструменты: 
1. В карточке атрибута на вкладке ""Дополнительное"" настроить подсказку для пользователя, которая будет появляться при наведении курсора на знак ""?"" рядом с наименованием поля. 
2. Использовать виджет ""подсказка"", на котором будет инструкция по заполнению поля и/или напоминание.",2
В каком формате указывать путь при настройке хранилища файлов в ФС на linux?,"Путь до файла указывается в самом стандартном формате, например, /u04.
Это должна быть папка, доступная на сервере приложений, где работает данный стенд. Также у пользователя, под которым запущено приложение, должны быть права на чтение и запись этой директории.
Есть также вариант хранения файлов в БД. Если надо хранить файлы в БД, то нужно сделать следующие настройки: поменять значение системной настройки Хранилище файлов для новых файлов на пустую строку или на FS_PARTITION_001 либо совсем удалить эту системную настройку.",2
"Где настраивается срок ""таймаута"", когда при бездействии пользователя в течение определенного времени его выкидывает из системы?","Настроить время ""таймаута"" можно через файл конфигураций, время указывается в секундах: server.session.timeout",2
Как на локальном стенде от дистр вернуть кнопку сброса кеша?,"Как одно из решений можно этот гуф поставить, он возвращает кнопку сброса в реестр типов

https://drive.google.com/file/d/16qRx23Z8q7ZGW3YcYGtL9vj36KfdraOB/view?usp=sharing",2
Как установить новую версию приложения?,Всю необходимую инфомрмацию можно прочитать по ссылке,2
Есть ли возможность создавать собственные виджеты? ,Есть возможности: 1) встраивать фреймы и самим встраиваться в виде фреймов; 2) встраивать html-код; 3) писать свой фронт с использованием backend API GreenData,2
"ранее начал проходить обучение, теперь не могу к нему вернуться. Перекидывает на форму заполнения данных(имя, почта). Повторного письма на почту не приходит. academygd.getcourse.ru/gd_vvod
Вот изначально по этой ссылке переходил заполнял форму.",По вопросам авторизации и прохождения курса – обращайтесь по адресу academy@greendatasoft.ru.,2
позвать оператора,Переключаю на оператора,2
"пожалуйста, свяжите меня с оператором",Переключаю на оператора,2
мне нужна помощь оператора,Переключаю на оператора,2
"оператор, помогите мне, пожалуйста",Переключаю на оператора,2
можно мне поговорить с оператором,Переключаю на оператора,2
как вызвать оператора?,Переключаю на оператора,2
мне нужен оператор,Переключаю на оператора,2
я бы хотел поговорить с оператором,Переключаю на оператора,2
свяжите меня с оператором,Переключаю на оператора,2
нужна помощь оператора,Переключаю на оператора,2
хочу поговорить с операторомпозови оператора,Переключаю на оператора,2
"Пожалуйста, переключите меня на оператора.",Переключаю на оператора,2
Мне нужна помощь оператора.,Переключаю на оператора,2
Не могли бы вы передать меня оператору?,Переключаю на оператора,2
Хочу поговорить с живым человеком.,Переключаю на оператора,2
"Помогите, я не могу найти ответ. Переключите меня на оператора.",Переключаю на оператора,2
"Оператор, пожалуйста!",Переключаю на оператора,2
Нужна поддержка оператора.,Переключаю на оператора,2
"Мне нужен человеческий разговор, пожалуйста.",Переключаю на оператора,2
Не могли бы вы соединить меня с оператором?,Переключаю на оператора,2
"Пожалуйста, переключите меня на реального человека.",Переключаю на оператора,2
Переключи меня на живого человека,Переключаю на оператора,2
хочу поговорить с оператором,Переключаю на оператора,2
позови человека,Переключаю на оператора,2
